Date,Symbol,Open,High,Low,Close,Volume
2024-01-01,AAPL,150.25,152.50,149.80,151.75,1000000
2024-01-02,AAPL,151.75,153.25,151.00,152.50,950000
2024-01-03,AAPL,152.50,154.10,152.00,153.80,1100000
2024-01-04,AAPL,153.80,155.00,153.25,154.50,1050000
2024-01-05,AAPL,154.50,156.20,154.00,155.75,1200000
2024-01-08,AAPL,155.75,157.50,155.25,156.80,1100000
2024-01-09,AAPL,156.80,158.00,156.50,157.50,950000
2024-01-10,AAPL,157.50,159.25,157.00,158.60,1150000
2024-01-11,AAPL,158.60,160.00,158.25,159.75,1050000
2024-01-12,AAPL,159.75,161.50,159.25,160.90,1250000
2024-01-01,GOOGL,140.50,142.75,139.80,141.50,800000
2024-01-02,GOOGL,141.50,143.50,141.00,142.75,750000
2024-01-03,GOOGL,142.75,144.25,142.25,143.50,850000
2024-01-04,GOOGL,143.50,145.00,143.00,144.75,900000
2024-01-05,GOOGL,144.75,146.50,144.25,145.80,950000
2024-01-08,GOOGL,145.80,147.75,145.25,146.95,850000
2024-01-09,GOOGL,146.95,148.50,146.50,147.75,800000
2024-01-10,GOOGL,147.75,149.75,147.25,149.00,920000
2024-01-11,GOOGL,149.00,150.50,148.75,150.25,880000
2024-01-12,GOOGL,150.25,152.00,149.75,151.50,1000000
2024-01-01,MSFT,380.50,385.00,379.75,384.25,600000
2024-01-02,MSFT,384.25,387.50,383.75,386.50,580000
2024-01-03,MSFT,386.50,390.00,386.00,389.75,650000
2024-01-04,MSFT,389.75,393.25,389.25,392.50,700000
2024-01-05,MSFT,392.50,396.00,391.75,395.25,750000
2024-01-08,MSFT,395.25,399.50,394.75,398.75,680000
2024-01-09,MSFT,398.75,402.00,398.25,401.50,650000
2024-01-10,MSFT,401.50,405.75,401.00,404.25,720000
2024-01-11,MSFT,404.25,408.00,403.75,407.50,700000
2024-01-12,MSFT,407.50,411.25,407.00,410.75,800000
2024-01-01,TSLA,245.75,250.00,244.50,248.50,2000000
2024-01-02,TSLA,248.50,253.00,247.75,251.75,1950000
2024-01-03,TSLA,251.75,256.50,251.00,255.00,2150000
2024-01-04,TSLA,255.00,259.75,254.25,258.75,2200000
2024-01-05,TSLA,258.75,263.50,257.50,262.25,2300000
2024-01-08,TSLA,262.25,267.00,261.50,265.75,2100000
2024-01-09,TSLA,265.75,270.50,265.00,269.25,2000000
2024-01-10,TSLA,269.25,274.00,268.75,272.50,2200000
2024-01-11,TSLA,272.50,277.25,271.75,276.00,2150000
2024-01-12,TSLA,276.00,281.00,275.25,280.25,2400000
